Common Name,Order,Family,Species Name,States
Abert's Squirrel,Rodentia_other,Sciuridae,Sciurus aberti,"Arizona, Colorado, New Mexico, Utah, Wyoming"
African Wild Ass,Perissodactyla,Equidae,Equus asinus,Hawaii
Agile Kangaroo Rat,Rodentia,Heteromyidae,Dipodomys agilis,California
Alaska Marmot,Rodentia_other,Sciuridae,Marmota broweri,Alaska
Alaska Tiny Shrew,Eulipotyphla,Soricidae,Sorex yukonicus,Alaska
Alaskan Hare,Lagomorpha,Leporidae,Lepus othus,Alaska
Allegheny Woodrat,Rodentia,Cricetidae,Neotoma magister,"Delaware, Indiana, Kentucky, Maryland, North Carolina, New Jersey, Ohio, Pennsylvania, Tennessee, Virginia, West Virginia"
Allen's Big-eared Bat,Chiroptera,Vespertilionidae,Idionycteris phyllotis,"Arizona, Colorado, New Mexico, Texas, Utah"
Allen's Chipmunk,Rodentia_other,Sciuridae,Tamias senex,"California, Nevada, Oregon"
Alpine Chipmunk,Rodentia_other,Sciuridae,Tamias alpinus,California
American Badger,Carnivora,Mustelidae,Taxidea taxus,"Arkansas, Arizona, California, Colorado, Iowa, Idaho, Illinois, Indiana, Kansas, Maryland, Michigan, Minnesota, Missouri, Montana, North Dakota, Nebraska, New Mexico, Nevada, New York, Ohio, Oklahoma, Oregon, Pennsylvania, South Dakota, Texas, Utah, Washington, Wisconsin, West Virginia, Wyoming"
American Beaver,Rodentia,Castoridae,Castor canadensis,"Alaska, Alabama, Arkansas, Arizona, California, Colorado, Connecticut, Delaware, Florida, Georgia, Iowa, Idaho, Illinois, Indiana, Kansas, Kentucky, Louisiana, Massachusetts, Maryland, Maine, Michigan, Minnesota, Mississippi, Missouri, Montana, North Carolina, North Dakota, Nebraska, New Hampshire, New Jersey, New Mexico, Nevada, New York, Ohio, Oklahoma, Oregon, Pennsylvania, Rhode Island, South Carolina, South Dakota, Tennessee, Texas, Utah, Virginia, Vermont, Washington, Wisconsin, West Virginia, Wyoming"
American Bison,Artiodactyla,Bovidae,Bison bison,"Alaska, Arizona, Kansas, Montana, New Mexico, Utah, Wyoming"
American Marten,Carnivora,Mustelidae,Martes americana,"Alaska, California, Colorado, Idaho, Maine, Michigan, Minnesota, Montana, New Mexico, Nevada, New York, Oregon, Utah, Washington, Wisconsin, Wyoming"
American Mink,Carnivora,Mustelidae,Neovison vison,"Alaska, Alabama, Arkansas, Colorado, Connecticut, Delaware, Florida, Georgia, Iowa, Idaho, Illinois, Indiana, Kansas, Kentucky, Louisiana, Massachusetts, Maryland, Maine, Michigan, Minnesota, Mississippi, Missouri, Montana, North Carolina, North Dakota, Nebraska, New Hampshire, New Jersey, New York, Ohio, Oklahoma, Oregon, Pennsylvania, Rhode Island, South Carolina, South Dakota, Tennessee, Texas, Utah, Virginia, Vermont, Washington, Wisconsin, West Virginia, Wyoming"
American Pika,Lagomorpha,Ochotonidae,Ochotona princeps,"California, Colorado, Idaho, Montana, Nevada, New Mexico, Oregon, Utah, Washington, Wyoming"
Antelope Jackrabbit,Lagomorpha,Leporidae,Lepus alleni,Arizona
Appalachian Cottontail,Lagomorpha,Leporidae,Sylvilagus obscurus,"Alabama, Georgia, Kentucky, Maryland, North Carolina, Pennsylvania, South Carolina, Tennessee, Virginia, West Virginia"
Arctic Fox,Carnivora,Canidae,Vulpes lagopus,Alaska
Arctic Ground Squirrel,Rodentia_other,Sciuridae,Urocitellus parryii,Alaska
Arctic shrew,Eulipotyphla,Soricidae,Sorex arcticus,"Iowa, Illinois, Michigan, Minnesota, Montana, North Dakota, South Dakota, Wisconsin"
Arizona Cotton Rat,Rodentia,Cricetidae,Sigmodon arizonae,"Arizona, California, New Mexico"
Arizona Gray Squirrel,Rodentia_other,Sciuridae,Sciurus arizonensis,"Arizona, New Mexico"
Arizona Myotis,Chiroptera,Vespertilionidae,Myotis occultus,"Arizona, California, Colorado, New Mexico, Texas"
Arizona Pocket Mouse,Rodentia,Heteromyidae,Perognathus amplus,Arizona
Arizona Shrew,Eulipotyphla,Soricidae,Sorex arizonae,"Arizona, New Mexico"
Arizona Woodrat,Rodentia,Cricetidae,Neotoma devia,"Arizona, Nevada"
Atlantic Spotted Dolphin,Artiodactyla,Delphinidae,Stenella frontalis,"Alabama, Connecticut, Delaware, Florida, Georgia, Louisiana, Maine, Maryland, Massachusetts, Mississippi, New Hampshire, New Jersey, New York, North Carolina, Rhode Island, South Carolina, Texas, Virginia"
Atlantic White-sided Dolphin,Artiodactyla,Delphinidae,Lagenorhynchus acutus,"Connecticut, Maine, Massachusetts, New Hampshire, New Jersey, New York, Rhode Island"
Attwater's Pocket Gopher,Rodentia,Geomyidae,Geomys attwateri,Texas
Bailey's Pocket Mouse,Rodentia,Heteromyidae,Chaetodipus baileyi,"Arizona, California, New Mexico"
Baird's Beaked Whale,Artiodactyla,Ziphiidae,Berardius bairdii,"Alaska, California, Oregon, Washington"
Baird's Pocket Gopher,Rodentia,Geomyidae,Geomys breviceps,"Arkansas, Louisiana, Oklahoma, Texas"
Baird's Shrew,Eulipotyphla,Soricidae,Sorex bairdii,"Oregon, Washington"
Baja California Pocket Mouse,Rodentia,Heteromyidae,Chaetodipus rudinoris,California
Banner-tailed Kangaroo Rat,Rodentia,Heteromyidae,Dipodomys spectabilis,"Arizona, New Mexico, Texas"
Barren Ground Shrew,Eulipotyphla,Soricidae,Sorex ugyunak,Alaska
Beach Vole,Rodentia,Cricetidae,Microtus breweri,Massachusetts
Bearded Seal,Carnivora,Phocidae,Erignathus barbatus,Alaska
Belding's Ground Squirrel,Rodentia_other,Sciuridae,Urocitellus beldingi,"California, Idaho, Nevada, Oregon, Utah"
Beluga,Artiodactyla,Monodontidae,Delphinapterus leucas,"Alaska, Massachusetts, New York"
Big Brown Bat,Chiroptera,Vespertilionidae,Eptesicus fuscus,"Alabama, Arkansas, Arizona, California, Colorado, Connecticut, Delaware, Florida, Georgia, Iowa, Idaho, Illinois, Indiana, Kansas, Kentucky, Louisiana, Massachusetts, Maryland, Maine, Michigan, Minnesota, Mississippi, Missouri, Montana, North Carolina, North Dakota, Nebraska, New Hampshire, New Jersey, New Mexico, Nevada, New York, Ohio, Oklahoma, Oregon, Pennsylvania, Rhode Island, South Carolina, South Dakota, Tennessee, Texas, Utah, Virginia, Vermont, Washington, Wisconsin, West Virginia, Wyoming"
Big Free-tailed Bat,Chiroptera,Molossidae,Nyctinomops macrotis,"Arizona, California, Colorado, Iowa, Kansas, New Mexico, Nevada, Oklahoma, Texas, Utah"
Bighorn Sheep,Artiodactyla,Bovidae,Ovis canadensis,"Arizona, California, Colorado, Idaho, Montana, New Mexico, Nevada, Oregon, South Dakota, Texas, Utah, Washington, Wyoming"
Black Bear,Carnivora,Ursidae,Ursus americanus,"Alaska, Alabama, Arkansas, Arizona, California, Colorado, Florida, Georgia, Idaho, Kentucky, Louisiana, Massachusetts, Maryland, Maine, Michigan, Minnesota, Mississippi, Missouri, Montana, North Carolina, North Dakota, New Hampshire, New Jersey, New Mexico, Nevada, New York, Oklahoma, Oregon, Pennsylvania, South Carolina, Tennessee, Texas, Utah, Virginia, Vermont, Washington, Wisconsin, West Virginia, Wyoming"
Black-footed Ferret,Carnivora,Mustelidae,Mustela nigripes,"Kansas, Montana, Wyoming"
Black-tailed Jackrabbit,Lagomorpha,Leporidae,Lepus californicus,"Arkansas, Arizona, California, Colorado, Iowa, Idaho, Kansas, Louisiana, Missouri, Montana, Nebraska, New Mexico, Nevada, Oklahoma, Oregon, South Dakota, Texas, Utah, Washington, Wyoming"
Black-tailed Prairie Dog,Rodentia_other,Sciuridae,Cynomys ludovicianus,"Arizona, Colorado, Kansas, Montana, North Dakota, Nebraska, New Mexico, Oklahoma, South Dakota, Texas, Wyoming"
Blainville's Beaked Whale,Artiodactyla,Ziphiidae,Mesoplodon densirostris,"Alabama, California, Connecticut, Delaware, Florida, Georgia, Hawaii, Louisiana, Maine, Maryland, Massachusetts, Mississippi, New Hampshire, New Jersey, New York, North Carolina, Rhode Island, South Carolina, Texas, Virginia"
Blue Whale,Artiodactyla,Balaenopteridae,Balaenoptera musculus,"Alabama, Alaska, California, Connecticut, Florida, Georgia, Hawaii, Louisiana, Maine, Maryland, Massachusetts, Mississippi, New Hampshire, New Jersey, New York, North Carolina, Oregon, Rhode Island, South Carolina, Texas, Virginia, Washington"
Bobcat,Carnivora,Felidae,Lynx rufus,"Alabama, Arkansas, Arizona, California, Colorado, Connecticut, Florida, Georgia, Iowa, Idaho, Illinois, Indiana, Kansas, Kentucky, Louisiana, Massachusetts, Maryland, Maine, Michigan, Minnesota, Mississippi, Missouri, Montana, North Carolina, North Dakota, Nebraska, New Hampshire, New Jersey, New Mexico, Nevada, New York, Ohio, Oklahoma, Oregon, Pennsylvania, South Carolina, South Dakota, Tennessee, Texas, Utah, Virginia, Vermont, Washington, Wisconsin, West Virginia, Wyoming"
Botta's Pocket Gopher,Rodentia,Geomyidae,Thomomys bottae,"Arizona, California, Colorado, New Mexico, Nevada, Oregon, Texas, Utah"
Bottlenose Dolphin,Artiodactyla,Delphinidae,Tursiops truncatus,"Alabama, California, Delaware, Florida, Georgia, Hawaii, Louisiana, Maryland, Mississippi, New Jersey, New York, North Carolina, South Carolina, Texas, Virginia"
Bowhead,Artiodactyla,Balaenidae,Balaena mysticetus,Alaska
Brazilian/Mexican Free-tailed Bat,Chiroptera,Molossidae,Tadarida brasiliensis,"Alabama, Arkansas, Arizona, California, Colorado, Florida, Georgia, Kansas, Louisiana, Mississippi, Missouri, North Carolina, Nebraska, New Mexico, Nevada, Oklahoma, Oregon, South Carolina, Texas, Utah"
Broad-footed Mole,Eulipotyphla,Talpidae,Scapanus latimanus,"California, Nevada, Oregon"
Brown Bear,Carnivora,Ursidae,Ursus arctos,"Alaska, Idaho, Montana, Washington, Wyoming"
Brown Rat,Rodentia,Muridae,Rattus norvegicus,"Alaska, Alabama, Arkansas, Arizona, California, Colorado, Connecticut, Delaware, Florida, Georgia, Hawaii, Iowa, Idaho, Illinois, Indiana, Kansas, Kentucky, Louisiana, Massachusetts, Maryland, Maine, Michigan, Minnesota, Mississippi, Missouri, Montana, North Carolina, North Dakota, Nebraska, New Hampshire, New Jersey, New Mexico, Nevada, New York, Ohio, Oklahoma, Oregon, Pennsylvania, Rhode Island, South Carolina, South Dakota, Tennessee, Texas, Utah, Virginia, Vermont, Washington, Wisconsin, West Virginia, Wyoming"
Brush Deermouse,Rodentia,Cricetidae,Peromyscus boylii,"Arizona, California, Colorado, Idaho, Kansas, Montana, Nebraska, New Mexico, Nevada, Oklahoma, Oregon, South Dakota, Texas, Utah, Wyoming"
Brush Rabbit,Lagomorpha,Leporidae,Sylvilagus bachmani,"California, Oregon, Washington"
Brush-tailed Rock Wallaby,Diprotodontia,Macropodidae,Petrogale penicillata,Hawaii
Bryde's Whale,Artiodactyla,Balaenopteridae,Balaenoptera edeni,"Alabama, Florida, Georgia, Hawaii, Louisiana, Mississippi, North Carolina, South Carolina, Texas"
Bushy-tailed Woodrat,Rodentia,Cricetidae,Neotoma cinerea,"Alaska, Arizona, California, Colorado, Idaho, Montana, North Dakota, Nebraska, New Mexico, Nevada, Oregon, South Dakota, Utah, Washington, Wyoming"
Cactus Deermouse,Rodentia,Cricetidae,Peromyscus eremicus,"Arizona, California, New Mexico, Nevada, Texas, Utah"
California Chipmunk,Rodentia_other,Sciuridae,Tamias obscurus,California
California Deermouse,Rodentia,Cricetidae,Peromyscus californicus,California
California Ground Squirrel,Rodentia_other,Sciuridae,Otospermophilus beecheyi,"California, Nevada, Oregon, Washington"
California Kangaroo Rat,Rodentia,Heteromyidae,Dipodomys californicus,"California, Oregon"
California Pocket Mouse,Rodentia,Heteromyidae,Chaetodipus californicus,California
California Sea Lion,Carnivora,Otariidae,Zalophus californianus,"Alaska, California, Oregon, Washington"
California Vole,Rodentia,Cricetidae,Microtus californicus,"California, Oregon"
Californian Leaf-nosed Bat,Chiroptera,Phyllostomidae,Macrotus californicus,"Arizona, California, Nevada"
Californian Myotis,Chiroptera,Vespertilionidae,Myotis californicus,"Alaska, Arizona, California, Colorado, Idaho, Montana, New Mexico, Nevada, Oregon, Texas, Utah, Washington"
Camas Pocket Gopher,Rodentia,Geomyidae,Thomomys bulbivorus,Oregon
Canada Lynx,Carnivora,Felidae,Lynx canadensis,"Alaska, Colorado, Idaho, Maine, Michigan, Minnesota, Montana, New Hampshire, New York, Oregon, Utah, Vermont, Washington, Wisconsin, Wyoming"
Canyon Bat,Chiroptera,Vespertilionidae,Parastrellus hesperus,"Arizona, California, Colorado, Idaho, New Mexico, Nevada, Oregon, Texas, Utah, Washington"
Canyon Deermouse,Rodentia,Cricetidae,Peromyscus crinitus,"Arizona, California, Colorado, Idaho, New Mexico, Nevada, Oregon, Utah, Wyoming"
Caribou,Artiodactyla,Cervidae,Rangifer tarandus,"Alaska, Oregon, Washington"
Cascade Golden-mantled Ground Squirrel,Rodentia_other,Sciuridae,Callospermophilus saturatus,Washington
Cave Myotis,Chiroptera,Vespertilionidae,Myotis velifer,"Arizona, Kansas, Nebraska, New Mexico, Oklahoma, Texas"
Central Texas Pocket Gopher,Rodentia,Geomyidae,Geomys texensis,Texas
Channel Islands Fox,Carnivora,Canidae,Urocyon littoralis,California
Chihuahuan Grasshopper Mouse,Rodentia,Cricetidae,Onychomys arenicola,"Colorado, New Mexico, Texas"
Chihuahuan Pocket Mouse,Rodentia,Heteromyidae,Chaetodipus eremicus,"New Mexico, Texas"
Chisel-toothed Kangaroo Rat,Rodentia,Heteromyidae,Dipodomys microps,"Arizona, California, Idaho, Nevada, Oregon, Utah"
Chital,Artiodactyla,Cervidae,Axis axis,Hawaii
Cliff Chipmunk,Rodentia_other,Sciuridae,Tamias dorsalis,"Arizona, Colorado, Idaho, New Mexico, Nevada, Utah, Wyoming"
Clymene Dolphin,Artiodactyla,Delphinidae,Stenella clymene,"Florida, Georgia, Louisiana, Mississippi, North Carolina, South Carolina, Texas, Virginia"
Coast Mole,Eulipotyphla,Talpidae,Scapanus orarius,"California, Idaho, Oregon, Washington"
Cockrum's Grey Shrew,Eulipotyphla,Soricidae,Notiosorex cockrumi,Arizona
Collared Peccary,Artiodactyla,Tayassuidae,Pecari tajacu,"Arizona, New Mexico, Oklahoma, Texas"
Collared Pika,Lagomorpha,Ochotonidae,Ochotona collaris,Alaska
Colorado Chipmunk,Rodentia_other,Sciuridae,Tamias quadirivittatus,"Arizona, Colorado, New Mexico, Oklahoma, Texas, Utah"
Columbian Ground Squirrel,Rodentia_other,Sciuridae,Urocitellus columbianus,"Idaho, Montana, Oregon, Washington"
Common Minke Whale,Artiodactyla,Balaenopteridae,Balaenoptera acutorostrata,"Alabama, Alaska, California, Connecticut, Delaware, Florida, Georgia, Hawaii, Louisiana, Maine, Maryland, Massachusetts, Mississippi, New Hampshire, New Jersey, New York, North Carolina, Oregon, Rhode Island, South Carolina, Texas, Virginia, Washington"
Common Muskrat,Rodentia,Cricetidae,Ondatra zibethicus,"Alaska, Alabama, Arkansas, Arizona, California, Colorado, Connecticut, Delaware, Florida, Georgia, Iowa, Idaho, Illinois, Indiana, Kansas, Kentucky, Louisiana, Massachusetts, Maryland, Maine, Michigan, Minnesota, Mississippi, Missouri, Montana, North Carolina, North Dakota, Nebraska, New Hampshire, New Jersey, New Mexico, Nevada, New York, Ohio, Oklahoma, Oregon, Pennsylvania, Rhode Island, South Carolina, South Dakota, Tennessee, Texas, Utah, Virginia, Vermont, Washington, Wisconsin, West Virginia, Wyoming"
Common Porcupine,Rodentia,Erethizontidae,Erethizon dorsatum,"Alaska, Arizona, California, Colorado, Connecticut, Iowa, Idaho, Illinois, Indiana, Kansas, Kentucky, Massachusetts, Maine, Michigan, Minnesota, Missouri, Montana, North Carolina, North Dakota, Nebraska, New Hampshire, New Jersey, New Mexico, Nevada, New York, Ohio, Oklahoma, Oregon, Pennsylvania, South Dakota, Tennessee, Texas, Utah, Vermont, Washington, Wisconsin, West Virginia, Wyoming"
Cotton Deermouse,Rodentia,Cricetidae,Peromyscus gossypinus,"Alabama, Arkansas, Florida, Georgia, Illinois, Kentucky, Louisiana, Mississippi, Missouri, North Carolina, Oklahoma, South Carolina, Tennessee, Texas, Virginia"
Coues' Oryzomys,Rodentia,Cricetidae,Oryzomys couesi,Texas
Crawford's Grey Shrew,Eulipotyphla,Soricidae,Notiosorex crawfordi,"Arkansas, Arizona, California, Colorado, New Mexico, Nevada, Oklahoma, Texas, Utah"
Creeping Vole,Rodentia,Cricetidae,Microtus oregoni,"California, Oregon, Washington"
Cuvier's Beaked Whale,Artiodactyla,Ziphiidae,Ziphius cavirostris,"Alabama, Alaska, California, Connecticut, Delaware, Florida, Georgia, Hawaii, Louisiana, Maine, Maryland, Massachusetts, Mississippi, New Hampshire, New Jersey, New York, North Carolina, Oregon, Rhode Island, South Carolina, Texas, Virginia, Washington"
Dall's Porpoise,Artiodactyla,Phocoenidae,Phocoenoides dalli,"Alaska, California, Oregon, Washington"
Dall's Sheep,Artiodactyla,Bovidae,Ovis dalli,Alaska
Dark Kangaroo Mouse,Rodentia,Heteromyidae,Microdipodops megacephalus,"California, Idaho, Nevada, Oregon, Utah"
Dark-nosed Small-footed Myotis,Chiroptera,Vespertilionidae,Myotis melanorhinus,"Arizona, California, Colorado, Idaho, New Mexico, Nevada, Oklahoma, Oregon, Texas, Utah, Washington"
Desert Kangaroo Rat,Rodentia,Heteromyidae,Dipodomys deserti,"Arizona, California, Nevada, Utah"
Desert Pocket Gopher,Rodentia,Geomyidae,Geomys arenarius,"New Mexico, Texas"
Desert Pocket Mouse,Rodentia,Heteromyidae,Chaetodipus penicillatus,"Arizona, California, New Mexico, Nevada, Utah"
Desert Rabbit,Lagomorpha,Leporidae,Sylvilagus audubonii,"Arizona, California, Colorado, Kansas, Montana, North Dakota, Nebraska, New Mexico, Nevada, Oklahoma, South Dakota, Texas, Utah, Wyoming"
Desert Woodrat,Rodentia,Cricetidae,Neotoma lepida,"Arizona, California, Colorado, Idaho, Nevada, Oregon, Utah"
Domestic Cat,Carnivora,Felidae,Felis catus,"Alabama, Arkansas, Arizona, Colorado, Connecticut, Delaware, Georgia, Iowa, Illinois, Indiana, Kansas, Kentucky, Louisiana, Massachusetts, Maryland, Maine, Michigan, Minnesota, Mississippi, Missouri, Montana, North Carolina, North Dakota, Nebraska, New Hampshire, New Jersey, New Mexico, New York, Ohio, Oklahoma, Pennsylvania, Rhode Island, South Carolina, South Dakota, Tennessee, Texas, Virginia, Vermont, Wisconsin, West Virginia, Wyoming"
Domestic Dog,Carnivora,Canidae,Canis lupus familiaris,"Alabama, Arkansas, Arizona, Colorado, Connecticut, Delaware, Georgia, Iowa, Illinois, Indiana, Kansas, Kentucky, Louisiana, Massachusetts, Maryland, Maine, Michigan, Minnesota, Mississippi, Missouri, Montana, North Carolina, North Dakota, Nebraska, New Hampshire, New Jersey, New Mexico, New York, Ohio, Oklahoma, Pennsylvania, Rhode Island, South Carolina, South Dakota, Tennessee, Texas, Virginia, Vermont, Wisconsin, West Virginia, Wyoming"
Douglas' Squirrel,Rodentia_other,Sciuridae,Tamiasciurus douglasii,"California, Nevada, Oregon, Washington"
Dulzura Kangaroo Rat,Rodentia,Heteromyidae,Dipodomys simulans,California
Dusky Shrew,Eulipotyphla,Soricidae,Sorex monticolus,"Alaska, Arizona, California, Colorado, Idaho, Montana, New Mexico, Nevada, Oregon, Utah, Washington, Wyoming"
Dusky-footed Woodrat,Rodentia,Cricetidae,Neotoma fuscipes,"California, Oregon"
Dwarf Shrew,Eulipotyphla,Soricidae,Sorex nanus,"Arizona, Colorado, Montana, Nebraska, New Mexico, South Dakota, Utah, Wyoming"
Dwarf Sperm Whale,Artiodactyla,Kogiidae,Kogia sima,"Alabama, California, Connecticut, Delaware, Florida, Georgia, Hawaii, Louisiana, Maine, Maryland, Massachusetts, Mississippi, New Hampshire, New Jersey, New York, North Carolina, Oregon, Rhode Island, Texas, Virginia, Washington"
Eastern Chipmunk,Rodentia_other,Sciuridae,Tamias striatus,"Alabama, Arkansas, Connecticut, Delaware, Georgia, Iowa, Illinois, Indiana, Kansas, Kentucky, Louisiana, Massachusetts, Maryland, Maine, Michigan, Minnesota, Mississippi, Missouri, North Carolina, North Dakota, Nebraska, New Hampshire, New Jersey, New York, Ohio, Oklahoma, Pennsylvania, Rhode Island, South Carolina, South Dakota, Tennessee, Texas, Virginia, Vermont, Wisconsin, West Virginia"
Eastern Cottontail,Lagomorpha,Leporidae,Sylvilagus floridanus,"Alabama, Arkansas, Arizona, Colorado, Connecticut, Delaware, Florida, Georgia, Iowa, Illinois, Indiana, Kansas, Kentucky, Louisiana, Massachusetts, Maryland, Michigan, Minnesota, Mississippi, Missouri, Montana, North Carolina, North Dakota, Nebraska, New Hampshire, New Jersey, New Mexico, New York, Ohio, Oklahoma, Oregon, Pennsylvania, Rhode Island, South Carolina, South Dakota, Tennessee, Texas, Virginia, Vermont, Washington, Wisconsin, West Virginia, Wyoming"
Eastern Coyote,Carnivora,Canidae,Canis latrans,"Alaska, Alabama, Arkansas, Arizona, California, Colorado, Connecticut, Delaware, Florida, Georgia, Iowa, Idaho, Illinois, Indiana, Kansas, Kentucky, Louisiana, Massachusetts, Maryland, Maine, Michigan, Minnesota, Mississippi, Missouri, Montana, North Carolina, North Dakota, Nebraska, New Hampshire, New Jersey, New Mexico, Nevada, New York, Ohio, Oklahoma, Oregon, Pennsylvania, Rhode Island, South Carolina, South Dakota, Tennessee, Texas, Utah, Virginia, Vermont, Washington, Wisconsin, West Virginia, Wyoming"
Eastern Fox Squirrel,Rodentia_other,Sciuridae,Sciurus niger,"Alabama, Arkansas, Colorado, Delaware, Florida, Georgia, Iowa, Illinois, Indiana, Kansas, Kentucky, Louisiana, Maryland, Michigan, Minnesota, Mississippi, Missouri, Montana, North Carolina, North Dakota, Nebraska, New York, Ohio, Oklahoma, Pennsylvania, South Carolina, South Dakota, Tennessee, Texas, Virginia, Wisconsin, West Virginia, Wyoming"
Eastern Gray Squirrel,Rodentia_other,Sciuridae,Sciurus carolinensis,"Alabama, Arkansas, Connecticut, Delaware, Florida, Georgia, Iowa, Illinois, Indiana, Kansas, Kentucky, Louisiana, Massachusetts, Maryland, Maine, Michigan, Minnesota, Mississippi, Missouri, North Carolina, North Dakota, Nebraska, New Hampshire, New Jersey, New York, Ohio, Oklahoma, Pennsylvania, Rhode Island, South Carolina, Tennessee, Texas, Virginia, Vermont, Wisconsin, West Virginia"
Eastern Harvest Mouse,Rodentia,Cricetidae,Reithrodontomys humulis,"Alabama, Arkansas, Florida, Georgia, Kentucky, Louisiana, Maryland, Mississippi, Missouri, North Carolina, Ohio, Oklahoma, South Carolina, Tennessee, Texas, Virginia, West Virginia"
Eastern Heather Vole,Rodentia,Cricetidae,Phenacomys ungava,Minnesota
Eastern Hog-nosed Skunk,Carnivora,Mephitidae,Conepatus leuconotus,"Arizona, Colorado, New Mexico, Texas"
Eastern Mole,Eulipotyphla,Talpidae,Scalopus aquaticus,"Alabama, Arkansas, Colorado, Connecticut, Delaware, Florida, Georgia, Iowa, Illinois, Indiana, Kansas, Kentucky, Louisiana, Massachusetts, Maryland, Michigan, Minnesota, Mississippi, Missouri, North Carolina, Nebraska, New Jersey, New York, Ohio, Oklahoma, Pennsylvania, Rhode Island, South Carolina, South Dakota, Tennessee, Texas, Virginia, Wisconsin, West Virginia, Wyoming"
Eastern Pipistrelle,Chiroptera,Vespertilionidae,Perimyotis subflavus,"Alabama, Arkansas, Connecticut, Delaware, Florida, Georgia, Iowa, Illinois, Indiana, Kansas, Kentucky, Louisiana, Massachusetts, Maryland, Maine, Michigan, Minnesota, Mississippi, Missouri, North Carolina, Nebraska, New Hampshire, New Jersey, New York, Ohio, Oklahoma, Pennsylvania, Rhode Island, South Carolina, Tennessee, Texas, Virginia, Vermont, Wisconsin, West Virginia"
Eastern Red Bat,Chiroptera,Vespertilionidae,Lasiurus borealis,"Alabama, Arkansas, Colorado, Connecticut, Delaware, Florida, Georgia, Iowa, Illinois, Indiana, Kansas, Kentucky, Louisiana, Massachusetts, Maryland, Maine, Michigan, Minnesota, Mississippi, Missouri, Montana, North Carolina, North Dakota, Nebraska, New Hampshire, New Jersey, New Mexico, New York, Ohio, Oklahoma, Pennsylvania, Rhode Island, South Carolina, South Dakota, Tennessee, Texas, Virginia, Vermont, Washington, Wisconsin, West Virginia, Wyoming"
Eastern Small-footed Myotis,Chiroptera,Vespertilionidae,Myotis leibii,"Alabama, Connecticut, Delaware, Georgia, Illinois, Indiana, Kentucky, Massachusetts, Maryland, Maine, Michigan, Mississippi, Missouri, North Carolina, New Hampshire, New Jersey, New York, Ohio, Oklahoma, Pennsylvania, Rhode Island, South Carolina, Tennessee, Virginia, Vermont, West Virginia"
Eastern Spotted Skunk,Carnivora,Mephitidae,Spilogale putorius,"Alabama, Arkansas, Colorado, Florida, Georgia, Iowa, Kansas, Kentucky, Louisiana, Maryland, Minnesota, Mississippi, Missouri, Montana, North Carolina, North Dakota, Nebraska, Ohio, Oklahoma, Pennsylvania, South Carolina, South Dakota, Tennessee, Texas, Virginia, Wisconsin, West Virginia, Wyoming"
Eastern Woodrat,Rodentia,Cricetidae,Neotoma floridana,"Alabama, Colorado, Florida, Georgia, Illinois, Kansas, Kentucky, Louisiana, Mississippi, Missouri, North Carolina, Nebraska, New York, Oklahoma, South Carolina, South Dakota, Tennessee, Texas, Virginia, Wyoming"
Elk,Artiodactyla,Cervidae,Cervus elaphus,"Arkansas, Arizona, California, Colorado, Idaho, Kansas, Michigan, Minnesota, Montana, North Dakota, Nebraska, New Mexico, Nevada, Oklahoma, Oregon, Texas, Utah, Washington, Wyoming"
Elliot's Short-tailed Shrew,Eulipotyphla,Soricidae,Blarina hylophaga,"Arkansas, Iowa, Illinois, Indiana, Kansas, Kentucky, Louisiana, Mississippi, Missouri, Nebraska, Oklahoma, Texas"
Ermine or Short-tailed Weasel,Carnivora,Mustelidae,Mustela erminea,"Alaska, California, Colorado, Connecticut, Delaware, Iowa, Idaho, Illinois, Indiana, Massachusetts, Maryland, Maine, Michigan, Minnesota, Montana, North Dakota, New Hampshire, New Jersey, New Mexico, Nevada, New York, Ohio, Oregon, Pennsylvania, Rhode Island, South Dakota, Utah, Virginia, Vermont, Washington, Wisconsin, West Virginia, Wyoming"
European Hare,Lagomorpha,Leporidae,Lepus europaeus,"Connecticut, New York"
Evening Bat,Chiroptera,Vespertilionidae,Nycticeius humeralis,"Alabama, Arkansas, Delaware, Florida, Georgia, Iowa, Illinois, Indiana, Kansas, Kentucky, Louisiana, Maryland, Michigan, Mississippi, Missouri, North Carolina, Nebraska, New Jersey, Ohio, Oklahoma, Pennsylvania, South Carolina, Tennessee, Texas, Virginia, West Virginia"
Everglades Short-tailed Shrew,Eulipotyphla,Soricidae,Blarina penninsulae,Florida
False Killer Whale,Artiodactyla,Delphinidae,Pseudorca crassidens,"Alabama, California, Delaware, Florida, Georgia, Hawaii, Louisiana, Mississippi, North Carolina, Oregon, South Carolina, Texas, Washington"
Fin Whale,Artiodactyla,Balaenopteridae,Balaenoptera physalus,"Alabama, Alaska, California, Connecticut, Florida, Georgia, Hawaii, Louisiana, Maine, Maryland, Massachusetts, Mississippi, New Hampshire, New Jersey, New York, North Carolina, Oregon, Rhode Island, South Carolina, Texas, Virginia, Washington"
Fisher,Carnivora,Mustelidae,Martes pennanti,"Alaska, California, Connecticut, Idaho, Massachusetts, Maine, Michigan, Minnesota, Montana, New Hampshire, New York, Oregon, Pennsylvania, Vermont, Washington, Wisconsin"
Florida Deermouse,Rodentia,Cricetidae,Podomys floridanus,Florida
Fog Shrew,Eulipotyphla,Soricidae,Sorex sonomae,"California, Oregon"
Franklin's Ground Squirrel,Rodentia_other,Sciuridae,Poliocitellus franklinii,"Iowa, Illinois, Indiana, Kansas, Michigan, Minnesota, Missouri, North Dakota, Nebraska, South Dakota, Wisconsin"
Fringed Myotis,Chiroptera,Vespertilionidae,Myotis thysanodes,"Arizona, California, Colorado, Idaho, Nebraska, New Mexico, Nevada, Oregon, South Dakota, Texas, Utah, Washington, Wyoming"
Fulvous Harvest Mouse,Rodentia,Cricetidae,Reithrodontomys fulvescens,"Arizona, Kansas, Louisiana, Mississippi, New Mexico, Oklahoma, Texas"
Gervais's Beaked Whale,Artiodactyla,Ziphiidae,Mesoplodon europaeus,"Alabama, Delaware, Florida, Georgia, Louisiana, Maryland, Mississippi, New Jersey, New York, North Carolina, South Carolina, Texas, Virginia"
Giant Kangaroo Rat,Rodentia,Heteromyidae,Dipodomys ingens,California
Ginkgo-toothed Beaked Whale,Artiodactyla,Ziphiidae,Mesoplodon ginkgodens,California
Glacier Bay Water Shrew,Eulipotyphla,Soricidae,Sorex alaskanus,Alaska
Golden Mouse,Rodentia,Cricetidae,Ochrotomys nuttalli,"Alabama, Arkansas, Florida, Georgia, Illinois, Kentucky, Louisiana, Mississippi, Missouri, North Carolina, Ohio, Oklahoma, South Carolina, Tennessee, Texas, Virginia, West Virginia"
Golden-mantled Ground Squirrel,Rodentia_other,Sciuridae,Callospermophilus lateralis,"Arizona, California, Colorado, Idaho, Montana, New Mexico, Nevada, Oregon, Utah, Washington, Wyoming"
Gray Fox,Carnivora,Canidae,Urocyon cinereoargenteus,"Alabama, Arizona, Arkansas, California, Colorado, Connecticut, Delaware, Florida, Georgia, Idaho, Illinois, Indiana, Iowa, Kansas, Kentucky, Louisiana, Maine, Maryland, Massachusetts, Michigan, Minnesota, Mississippi, Missouri, Nebraska, Nevada, New Hampshire, New Jersey, New Mexico, New York, North Carolina, North Dakota, Ohio, Oklahoma, Oregon, Pennsylvania, Rhode Island, South Carolina, South Dakota, Tennessee, Texas, Utah, Vermont, Virginia, Washington, West Virginia, Wisconsin, Wyoming"
Gray Myotis,Chiroptera,Vespertilionidae,Myotis grisescens,"Alabama, Arkansas, Florida, Georgia, Iowa, Illinois, Indiana, Kentucky, Mississippi, Missouri, North Carolina, Ohio, South Carolina, Tennessee, Virginia, West Virginia"
Gray Seal,Carnivora,Phocidae,Halichoerus grypus,Massachusetts
Gray Whale,Artiodactyla,Eschrichtiidae,Eschrichtius robustus,"Alaska, California, Oregon, Washington"
Gray-collared Chipmunk,Rodentia_other,Sciuridae,Tamias cinereicollis,"Arizona, New Mexico"
Gray-footed Chipmunk,Rodentia_other,Sciuridae,Tamias canipes,"New Mexico, Texas"
Gray-tailed Vole,Rodentia,Cricetidae,Microtus canicaudus,"Oregon, Washington"
Great Basin Pocket Mouse,Rodentia,Heteromyidae,Perognathus parvus,"Arizona, California, Idaho, Montana, Nevada, Oregon, Utah, Washington, Wyoming"
Greater Bonneted Bat,Chiroptera,Molossidae,Eumops perotis,"Arizona, California, New Mexico, Nevada, Texas"
Grey Wolf,Carnivora,Canidae,Canis lupus,"Alaska, Idaho, Michigan, Minnesota, Montana, Washington, Wisconsin"
Guadalupe Fur Seal,Carnivora,Otariidae,Arctocephalus townsendi,California
Gulf Coast Kangaroo Rat,Rodentia,Heteromyidae,Dipodomys compactus,Texas
Gunnison's Prairie Dog,Rodentia_other,Sciuridae,Cynomys gunnisoni,"Arizona, Colorado, New Mexico, Utah"
Hairy-legged Vampire Bat,Chiroptera,Phyllostomidae,Diphylla ecaudata,Texas
Hairy-tailed Mole,Eulipotyphla,Talpidae,Parascalops breweri,"Connecticut, Delaware, Georgia, Kentucky, Massachusetts, Maryland, Maine, North Carolina, New Hampshire, New Jersey, New York, Ohio, Pennsylvania, Rhode Island, South Carolina, Tennessee, Virginia, Vermont, West Virginia"
Harbor Porpoise,Artiodactyla,Phocoenidae,Phocoena phocoena,"Alaska, California, Connecticut, Delaware, Maine, Maryland, Massachusetts, New Hampshire, New Jersey, New York, North Carolina, Oregon, Rhode Island, Virginia, Washington"
Harbor Seal,Carnivora,Phocidae,Phoca vitulina,"Alaska, California, Connecticut, Delaware, Massachusetts, Maine, New Hampshire, New Jersey, New York, Oregon, Rhode Island, Washington"
Harris' Antelope Ground Squirrel,Rodentia_other,Sciuridae,Ammospermophilus harrisii,"Arizona, California, New Mexico, Nevada"
Hawaiian Monk Seal,Carnivora,Phocidae,Monachus schauinslandi,Hawaii
Hawaiian Wild Cattle,Artiodactyla,Bovidae,Bos taurus,Hawaii
Heermann's Kangaroo Rat,Rodentia,Heteromyidae,Dipodomys heermanni,California
Hispid Cotton Rat,Rodentia,Cricetidae,Sigmodon hispidus,"Alabama, Arkansas, Arizona, California, Colorado, Florida, Georgia, Iowa, Kansas, Kentucky, Louisiana, Mississippi, Missouri, North Carolina, Nebraska, New Mexico, Oklahoma, South Carolina, Tennessee, Texas, Virginia"
Hispid Pocket Mouse,Rodentia,Heteromyidae,Chaetodipus hispidus,"Arizona, Colorado, Kansas, Louisiana, Montana, North Dakota, Nebraska, New Mexico, Oklahoma, South Dakota, Texas, Wyoming"
Hoary Bat,Chiroptera,Vespertilionidae,Lasiurus cinereus,"Alabama, Arkansas, Arizona, California, Colorado, Connecticut, Delaware, Florida, Georgia, Hawaii, Iowa, Idaho, Illinois, Indiana, Kansas, Kentucky, Louisiana, Massachusetts, Maryland, Maine, Michigan, Minnesota, Mississippi, Missouri, Montana, North Carolina, North Dakota, Nebraska, New Hampshire, New Jersey, New Mexico, Nevada, New York, Ohio, Oklahoma, Oregon, Pennsylvania, Rhode Island, South Carolina, South Dakota, Tennessee, Texas, Utah, Virginia, Vermont, Washington, Wisconsin, West Virginia, Wyoming"
Hoary Marmot,Rodentia_other,Sciuridae,Marmota caligata,"Alaska, Idaho, Montana, Washington"
Hooded Skunk,Carnivora,Mephitidae,Mephitis macroura,"Arizona, New Mexico, Texas"
Hopi Chipmunk,Rodentia_other,Sciuridae,Tamias rufus,"Arizona, Colorado, New Mexico, Utah"
House Mouse,Rodentia,Muridae,Mus musculus,"Alaska, Alabama, Arkansas, Arizona, California, Colorado, Connecticut, Delaware, Florida, Georgia, Hawaii, Iowa, Idaho, Illinois, Indiana, Kansas, Kentucky, Louisiana, Massachusetts, Maryland, Maine, Michigan, Minnesota, Mississippi, Missouri, Montana, North Carolina, North Dakota, Nebraska, New Hampshire, New Jersey, New Mexico, Nevada, New York, Ohio, Oklahoma, Oregon, Pennsylvania, Rhode Island, South Carolina, South Dakota, Tennessee, Texas, Utah, Virginia, Vermont, Washington, Wisconsin, West Virginia, Wyoming"
Hubb's Beaked Whale,Artiodactyla,Ziphiidae,Mesoplodon carlhubbsi,"California, Oregon, Washington"
Humpback Whale,Artiodactyla,Balaenopteridae,Megaptera novaeangliae,"Alaska, California, Connecticut, Florida, Hawaii, Maine, Maryland, Massachusetts, New Hampshire, New Jersey, New York, North Carolina, Oregon, Rhode Island, Texas, Virginia, Washington"
Idaho Ground Squirrel,Rodentia_other,Sciuridae,Urocitellus brunneus,Idaho
Idaho Pocket Gopher,Rodentia,Geomyidae,Thomomys idahoensis,"Idaho, Montana, Wyoming"
Indian Mongoose,,,Herpestes javanicus,Hawaii
Indiana Myotis,Chiroptera,Vespertilionidae,Myotis sodalis,"Alabama, Arkansas, Connecticut, Florida, Georgia, Iowa, Illinois, Indiana, Kansas, Kentucky, Massachusetts, Maryland, Maine, Michigan, Mississippi, Missouri, North Carolina, Nebraska, New Hampshire, New Jersey, New York, Ohio, Oklahoma, Pennsylvania, Rhode Island, South Carolina, Tennessee, Texas, Virginia, Vermont, West Virginia"
Insular Vole,Rodentia,Cricetidae,Microtus abbreviatus,Alaska
Inyo Shrew,Eulipotyphla,Soricidae,Sorex tenellus,"California, Nevada"
Jaguar,Carnivora,Felidae,Panthera onca,"Arizona, New Mexico"
Jaguarundi,Carnivora,Felidae,Puma yagouaroundi,"Arizona, Texas"
Jamaican Fruit-eating Bat,Chiroptera,Phyllostomidae,Artibeus jamaicensis,Florida
Keen's Myotis,Chiroptera,Vespertilionidae,Myotis keenii,"Alaska, Washington"
Killer Whale,Artiodactyla,Delphinidae,Orcinus orca,"Alabama, Alaska, California, Connecticut, Delaware, Florida, Georgia, Hawaii, Louisiana, Maine, Maryland, Massachusetts, Mississippi, New Hampshire, New Jersey, New York, North Carolina, Oregon, Rhode Island, South Carolina, Texas, Virginia, Washington"
Kit Fox,Carnivora,Canidae,Vulpes macrotis,"Arizona, California, Idaho, New Mexico, Nevada, Oregon, Texas, Utah"
Knox Jones's Pocket Gopher,Rodentia,Geomyidae,Geomys knoxjonesi,"New Mexico, Texas"
Least Chipmunk,Rodentia_other,Sciuridae,Tamias minimus,"Arizona, California, Colorado, Idaho, Michigan, Minnesota, Montana, North Dakota, Nebraska, New Mexico, Nevada, Oregon, Utah, Washington, Wisconsin, Wyoming"
Least Weasel,Carnivora,Mustelidae,Mustela nivalis,"Alaska, Colorado, Georgia, Iowa, Illinois, Indiana, Kansas, Kentucky, Maryland, Michigan, Minnesota, Missouri, Montana, North Carolina, North Dakota, Nebraska, Ohio, Pennsylvania, South Carolina, South Dakota, Tennessee, Virginia, Wisconsin, West Virginia"
Least shrew,Eulipotyphla,Soricidae,Cryptotis parva,"Alabama, Arkansas, Colorado, Connecticut, Delaware, Florida, Georgia, Iowa, Illinois, Indiana, Kansas, Kentucky, Louisiana, Massachusetts, Maryland, Michigan, Minnesota, Mississippi, Missouri, North Carolina, Nebraska, New Jersey, New York, Ohio, Oklahoma, Pennsylvania, Rhode Island, South Carolina, South Dakota, Tennessee, Texas, Virginia, Wisconsin, West Virginia, Wyoming"
Lesser Long-nosed Bat,Chiroptera,Phyllostomidae,Leptonycteris yerbabuenae,"Arizona, New Mexico"
Little Brown Myotis,Chiroptera,Vespertilionidae,Myotis lucifugus,"Alaska, Alabama, Arkansas, Arizona, California, Colorado, Connecticut, Delaware, Florida, Georgia, Iowa, Idaho, Illinois, Indiana, Kansas, Kentucky, Louisiana, Massachusetts, Maryland, Maine, Michigan, Minnesota, Mississippi, Missouri, Montana, North Carolina, North Dakota, Nebraska, New Hampshire, New Jersey, New Mexico, Nevada, New York, Ohio, Oklahoma, Oregon, Pennsylvania, Rhode Island, South Carolina, South Dakota, Tennessee, Texas, Utah, Virginia, Vermont, Washington, Wisconsin, West Virginia, Wyoming"
Little Pocket Mouse,Rodentia,Heteromyidae,Perognathus longimembris,"Arizona, California, Idaho, Nevada, Oregon, Utah"
Lodgepole Chipmunk,Rodentia,Sciuridae,Tamias speciosus,"California, Nevada"
Long-beaked Common Dolphin,Artiodactyla,Delphinidae,Delphinus capensis,California
Long-eared Chipmunk,Rodentia_other,Sciuridae,Tamias quadrimaculatus,"California, Nevada"
Long-eared Myotis,Chiroptera,Vespertilionidae,Myotis evotis,"Arizona, California, Colorado, Idaho, Montana, North Dakota, New Mexico, Nevada, Oregon, Utah, Washington, Wyoming"
Long-finned Pilot Whale,Artiodactyla,Delphinidae,Globicephala melas,"Connecticut, Delaware, Maine, Maryland, Massachusetts, New Hampshire, New Jersey, New York, North Carolina, Rhode Island, Virginia"
Long-legged Myotis,Chiroptera,Vespertilionidae,Myotis volans,"Alaska, Arizona, California, Colorado, Idaho, Montana, North Dakota, Nebraska, New Mexico, Nevada, Oregon, South Dakota, Texas, Utah, Washington, Wyoming"
Long-tailed Pocket Mouse,Rodentia,Heteromyidae,Chaetodipus formosus,"Arizona, California, Nevada, Utah"
Long-tailed Shrew,Eulipotyphla,Soricidae,Sorex dispar,"Connecticut, Kentucky, Massachusetts, Maryland, Maine, North Carolina, New Hampshire, New Jersey, New York, Pennsylvania, Tennessee, Virginia, Vermont, West Virginia"
Long-tailed Vole,Rodentia,Cricetidae,Microtus longicaudus,"Alaska, Arizona, California, Colorado, Idaho, Montana, New Mexico, Nevada, Oregon, South Dakota, Utah, Washington, Wyoming"
Long-tailed Weasel,Carnivora,Mustelidae,Mustela frenata,"Alabama, Arkansas, Arizona, California, Colorado, Connecticut, Delaware, Florida, Georgia, Iowa, Idaho, Illinois, Indiana, Kansas, Kentucky, Louisiana, Massachusetts, Maryland, Maine, Michigan, Minnesota, Mississippi, Missouri, Montana, North Carolina, North Dakota, Nebraska, New Hampshire, New Jersey, New Mexico, Nevada, New York, Ohio, Oklahoma, Oregon, Pennsylvania, Rhode Island, South Carolina, South Dakota, Tennessee, Texas, Utah, Virginia, Vermont, Washington, Wisconsin, West Virginia, Wyoming"
Marsh Rabbit,Lagomorpha,Leporidae,Sylvilagus palustris,"Alabama, Florida, Georgia, North Carolina, South Carolina, Virginia"
Marsh Rice Rat,Rodentia,Cricetidae,Oryzomys palustris,"Alabama, Arkansas, Delaware, Florida, Georgia, Illinois, Kansas, Kentucky, Louisiana, Maryland, Mississippi, Missouri, North Carolina, New Jersey, Oklahoma, Oregon, Pennsylvania, South Carolina, Tennessee, Texas, Virginia"
Marsh Shrew,Eulipotyphla,Soricidae,Sorex bendirii,"California, Oregon, Washington"
Masked Shrew,Eulipotyphla,Soricidae,Sorex cinereus,"Alaska, Colorado, Connecticut, Delaware, Georgia, Iowa, Idaho, Illinois, Indiana, Kansas, Kentucky, Massachusetts, Maryland, Maine, Michigan, Minnesota, Missouri, Montana, North Carolina, North Dakota, Nebraska, New Hampshire, New Jersey, New Mexico, New York, Ohio, Oregon, Pennsylvania, Rhode Island, South Carolina, South Dakota, Tennessee, Utah, Virginia, Vermont, Washington, Wisconsin, West Virginia, Wyoming"
Meadow Jumping Mouse,Rodentia,Dipodidae,Zapus hudsonius,"Alaska, Alabama, Arkansas, Arizona, Colorado, Connecticut, Delaware, Georgia, Iowa, Illinois, Indiana, Kansas, Kentucky, Massachusetts, Maryland, Maine, Michigan, Minnesota, Missouri, Montana, North Carolina, North Dakota, Nebraska, New Hampshire, New Jersey, New Mexico, New York, Ohio, Oklahoma, Pennsylvania, Rhode Island, South Carolina, South Dakota, Tennessee, Virginia, Vermont, Wisconsin, West Virginia, Wyoming"
Meadow Vole,Rodentia,Cricetidae,Microtus pennsylvanicus,"Alaska, Colorado, Connecticut, Delaware, Georgia, Iowa, Idaho, Illinois, Indiana, Kansas, Kentucky, Massachusetts, Maryland, Maine, Michigan, Minnesota, Missouri, Montana, North Carolina, North Dakota, Nebraska, New Hampshire, New Jersey, New Mexico, New York, Ohio, Pennsylvania, Rhode Island, South Carolina, South Dakota, Tennessee, Utah, Virginia, Vermont, Washington, Wisconsin, West Virginia, Wyoming"
Melon-headed Whale,Artiodactyla,Delphinidae,Peponocephala electra,Hawaii
Merriam's Chipmunk,Rodentia_other,Sciuridae,Tamias merriami,California
Merriam's Deermouse,Rodentia,Cricetidae,Peromyscus merriami,Arizona
Merriam's Ground Squirrel,Rodentia,Sciuridae,Urocitellus canus,"California, Idaho, Nevada, Oregon, Utah"
Merriam's Kangaroo Rat,Rodentia,Heteromyidae,Dipodomys merriami,"Arizona, California, New Mexico, Nevada, Texas"
Merriam's Pocket Mouse,Rodentia,Heteromyidae,Perognathus merriami,"New Mexico, Oklahoma, Texas"
Merriam's Shrew,Eulipotyphla,Soricidae,Sorex merriami,"Arizona, California, Colorado, Idaho, Montana, North Dakota, Nebraska, New Mexico, Nevada, Oregon, South Dakota, Utah, Washington, Wyoming"
Mexican Ground Squirrel,Rodentia_other,Sciuridae,Ictidomys mexicanus,"New Mexico, Texas"
Mexican Long-nosed Bat,Chiroptera,Phyllostomidae,Leptonycteris nivalis,"Arizona, New Mexico, Texas"
Mexican Long-tongued Bat,Chiroptera,Phyllostomidae,Choeronycteris mexicana,"Arizona, California, New Mexico, Texas"
Mexican Red Bellied Squirrel,Rodentia_other,Sciuridae,Sciurus nayaritensis,"Arizona, New Mexico"
Mexican Spiny Pocket Mouse,Rodentia,Heteromyidae,Liomys irroratus,Texas
Mexican Vole,Rodentia,Cricetidae,Microtus mogollonensis,"Arizona, Colorado, New Mexico, Utah"
Mexican Woodrat,Rodentia,Cricetidae,Neotoma mexicana,"Arizona, Colorado, New Mexico, Oklahoma, Texas, Utah"
Mohave Ground Squirrel,Rodentia_other,Sciuridae,Xerospermophilus mohavensis,California
Montane Vole,Rodentia,Cricetidae,Microtus montanus,"Arizona, California, Colorado, Idaho, Montana, New Mexico, Nevada, Oregon, Utah, Washington, Wyoming"
Moose,Artiodactyla,Cervidae,Alces americanus,"Alaska, Idaho, Massachusetts, Maine, Michigan, Minnesota, Montana, North Dakota, New Hampshire, New York, Oregon, Utah, Vermont, Washington, Wisconsin, Wyoming"
Mountain Beaver,Rodentia,Aplodontiidae,Aplodontia rufa,"California, Nevada, Oregon, Washington"
Mountain Cottontail,Lagomorpha,Leporidae,Sylvilagus nuttallii,"Arizona, California, Colorado, Idaho, Montana, North Dakota, Nebraska, New Mexico, Nevada, Oregon, South Dakota, Utah, Washington, Wyoming"
Mountain Goat,Artiodactyla,Bovidae,Oreamnos americanus,"Alaska, Idaho, Montana, Washington"
"Mountain Lion, Puma, or Cougar",Carnivora,Felidae,Puma concolor,"Alaska, Alabama, Arkansas, Arizona, California, Colorado, Connecticut, Delaware, Florida, Georgia, Iowa, Idaho, Illinois, Indiana, Kansas, Kentucky, Louisiana, Massachusetts, Maryland, Maine, Michigan, Minnesota, Mississippi, Missouri, Montana, North Carolina, North Dakota, Nebraska, New Hampshire, New Jersey, New Mexico, Nevada, New York, Ohio, Oklahoma, Oregon, Pennsylvania, Rhode Island, South Carolina, South Dakota, Tennessee, Texas, Utah, Virginia, Vermont, Washington, Wisconsin, West Virginia, Wyoming"
Mountain Pocket Gopher,Rodentia,Geomyidae,Thomomys monticola,"California, Nevada"
Mt. Lyell Shrew,Eulipotyphla,Soricidae,Sorex lyelli,California
Mule Deer,Artiodactyla,Cervidae,Odocoileus hemionus,"Alaska, Arizona, California, Colorado, Idaho, Kansas, Montana, North Dakota, Nebraska, New Mexico, Nevada, Oklahoma, Oregon, South Dakota, Texas, Utah, Washington, Wyoming"
Muskox,Artiodactyla,Bovidae,Ovibos moschatus,Alaska
Narrow-faced Kangaroo Rat,Rodentia,Heteromyidae,Dipodomys venustus,California
Nearctic Brown Lemming,Rodentia,Cricetidae,Lemmus trimucronatus,Alaska
Nearctic Collared Lemming,Rodentia,Cricetidae,Dicrostonyx groenlandicus,Alaska
Nelson's Antelope Squirrel,Rodentia_other,Sciuridae,Ammospermophilus nelsoni,California
Nelson's Collared Lemming,Rodentia,Cricetidae,Dicrostonyx nelsoni,Alaska
Nelson's Pocket Mouse,Rodentia,Heteromyidae,Chaetodipus nelsoni,"New Mexico, Texas"
New England Cottontail,Lagomorpha,Leporidae,Sylvilagus transitionalis,"Connecticut, Massachusetts, Maine, New Hampshire, New York, Rhode Island, Vermont"
New Mexico Shrew,Eulipotyphla,Soricidae,Sorex neomexicanus,New Mexico
Nine-banded Armadillo,Cingulata,Dasypodidae,Dasypus novemcinctus,"Alabama, Arkansas, Colorado, Florida, Georgia,Illinois, Kansas, Kentucky, Louisiana, Mississippi, Missouri, North Carolina, Nebraska, New Mexico, Oklahoma, South Carolina, Tennessee, Texas"
North American Deermouse,Rodentia,Cricetidae,Peromyscus maniculatus,"Alaska, Alabama, Arkansas, Arizona, California, Colorado, Connecticut, Georgia, Iowa, Idaho, Illinois, Indiana, Kansas, Kentucky, Louisiana, Massachusetts, Maryland, Maine, Michigan, Minnesota, Mississippi, Missouri, Montana, North Carolina, North Dakota, Nebraska, New Hampshire, New Jersey, New Mexico, Nevada, New York, Ohio, Oklahoma, Oregon, Pennsylvania, Rhode Island, South Carolina, South Dakota, Tennessee, Texas, Utah, Virginia, Vermont, Washington, Wisconsin, West Virginia, Wyoming"
North American Red Squirrel,Rodentia_other,Sciuridae,Tamiasciurus hudsonicus,"Alaska, Alabama, Arizona, Colorado, Connecticut, Delaware, Georgia, Iowa, Idaho, Illinois, Indiana, Kentucky, Massachusetts, Maryland, Maine, Michigan, Minnesota, Montana, North Carolina, North Dakota, Nebraska, New Hampshire, New Jersey, New Mexico, Nevada, New York, Ohio, Oregon, Pennsylvania, Rhode Island, South Carolina, South Dakota, Tennessee, Utah, Virginia, Vermont, Washington, Wisconsin, West Virginia, Wyoming"
North American Water Vole,Rodentia,Cricetidae,Microtus richardsoni,"Idaho, Montana, Oregon, Utah, Washington, Wyoming"
North Atlantic Right Whale,Artiodactyla,Balaenidae,Eubalaena glacialis,"Alabama, Connecticut, Delaware, Florida, Georgia, Louisiana, Maine, Maryland, Massachusetts, Mississippi, New Hampshire, New Jersey, New York, North Carolina, Rhode Island, South Carolina, Virginia"
North Pacific Right Whale,Artiodactyla,Balaenidae,Eubalaena japonica,Alaska
Northern Bog Lemming,Rodentia,Cricetidae,Synaptomys borealis,"Alaska, Idaho, Maine, Minnesota, Montana, New Hampshire, Vermont, Washington, Wisconsin"
Northern Bottlenose Whale,Artiodactyla,Delphinidae,Hyperoodon ampullatus,"Massachusetts, Maine, New Hampshire, Rhode Island"
Northern Elephant Seal,Carnivora,Phocidae,Mirounga angustirostris,"Alaska, California, Oregon, Washington"
Northern Flying Squirrel,Rodentia_other,Sciuridae,Glaucomys sabrinus,"Alaska, California, Connecticut, Idaho, Maine, Massachusetts, Michigan, Minnesota, Montana, Nevada, New Hampshire, New Jersey, New York, North Carolina, North Dakota, Oregon, Pennsylvania, Rhode Island, South Dakota, Tennessee, Utah, Vermont, Virginia, Washington, West Virginia, Wisconsin, Wyoming"
Northern Fur Seal,Carnivora,Otariidae,Callorhinus ursinus,"Alaska, California, Oregon, Washington"
Northern Grasshopper Mouse,Rodentia,Cricetidae,Onychomys leucogaster,"Arizona, California, Colorado, Iowa, Idaho, Kansas, Minnesota, Montana, North Dakota, Nebraska, New Mexico, Nevada, Oklahoma, Oregon, South Dakota, Texas, Utah, Washington, Wyoming"
Northern Myotis,Chiroptera,Vespertilionidae,Myotis septentrionalis,"Alabama, Arkansas, Connecticut, Delaware, Georgia, Iowa, Illinois, Indiana, Kansas, Kentucky, Massachusetts, Maryland, Maine, Michigan, Minnesota, Mississippi, Missouri, Montana, North Carolina, North Dakota, Nebraska, New Hampshire, New Jersey, New York, Ohio, Pennsylvania, Rhode Island, South Carolina, South Dakota, Tennessee, Virginia, Vermont, Wisconsin, West Virginia"
Northern Pocket Gopher,Rodentia,Geomyidae,Thomomys talpoides,"Arizona, California, Colorado, Idaho, Minnesota, Montana, North Dakota, Nebraska, New Mexico, Nevada, Oregon, South Dakota, Utah, Washington, Wyoming"
Northern Pygmy Mouse,Rodentia,Cricetidae,Baiomys taylori,"Arizona, Louisiana, New Mexico, Texas"
Northern Red-backed Vole,Rodentia,Cricetidae,Myodes rutilus,Alaska
Northern Right Whale Dolphin,Artiodactyla,Delphinidae,Lissodelphis borealis,"California, Oregon, Washington"
Northern River Otter,Carnivora,Mustelidae,Lontra canadensis,"Alaska, Alabama, Arkansas, California, Colorado, Connecticut, Delaware, Florida, Georgia, Iowa, Idaho, Illinois, Indiana, Kentucky, Louisiana, Massachusetts, Maryland, Maine, Michigan, Minnesota, Mississippi, Missouri, Montana, North Carolina, North Dakota, New Hampshire, New Jersey, Nevada, New York, Oklahoma, Oregon, Pennsylvania, Rhode Island, South Carolina, Tennessee, Texas, Utah, Virginia, Vermont, Washington, Wisconsin, West Virginia, Wyoming"
Northern Rock Deermouse,Rodentia,Cricetidae,Peromyscus nasutus,"Arizona, Colorado, New Mexico, Oklahoma, Texas, Utah, Wyoming"
Northern Short-tailed Shrew,Eulipotyphla,Soricidae,Blarina brevicauda,"Arkansas, Colorado, Connecticut, Delaware, Georgia, Iowa, Illinois, Indiana, Kansas, Kentucky, Massachusetts, Maryland, Maine, Michigan, Minnesota, Missouri, North Carolina, North Dakota, Nebraska, New Hampshire, New Jersey, New York, Ohio, Pennsylvania, Rhode Island, South Carolina, South Dakota, Tennessee, Virginia, Vermont, Wisconsin, West Virginia, Wyoming"
Northern Yellow Bat,Chiroptera,Vespertilionidae,Lasiurus intermedius,"Alabama, Florida, Georgia, Louisiana, Mississippi, North Carolina, New Jersey, New York, South Carolina, Texas, Virginia"
Northwestern Deermouse,Rodentia,Cricetidae,Peromyscus keeni,"Alaska, Washington"
Nutria,Rodentia,Myocastoridae,Myocastor coypus,"Alabama, Arkansas, Delaware, Florida, Georgia, Louisiana, Maryland, Mississippi, Montana, North Carolina, Ohio, Oklahoma, Oregon, South Carolina, Tennessee, Texas, Virginia, Washington"
Ocelot,Carnivora,Felidae,Leopardus pardalis,"Arizona, Texas"
Oldfield Deermouse,Rodentia,Cricetidae,Peromyscus polionotus,"Alabama, Florida, Georgia, Mississippi, North Carolina, South Carolina, Tennessee"
Olive-backed Pocket Mouse,Rodentia,Heteromyidae,Perognathus fasciatus,"Colorado, Montana, North Dakota, Nebraska, South Dakota, Utah, Wyoming"
Olympic Island Shrew,Eulipotyphla,Soricidae,Sorex rohweri,Washington
Olympic Marmot,Rodentia_other,Sciuridae,Marmota olympus,Washington
Ord's Kangaroo Rat,Rodentia,Heteromyidae,Dipodomys ordii,"Arizona, California, Colorado, Idaho, Kansas, Montana, North Dakota, Nebraska, New Mexico, Nevada, Oklahoma, Oregon, South Dakota, Texas, Utah, Washington, Wyoming"
Ornate Shrew,Eulipotyphla,Soricidae,Sorex ornatus,California
Pacific Jumping Mouse,Rodentia,Dipodidae,Zapus trinotatus,"California, Oregon, Washington"
Pacific Marten,Carnivora,Mustelidae,Martes caurina,"Alaska, California, Colorado, Idaho, Oregon, Utah, Washington, Wyoming"
Pacific Rat,Rodentia,Muridae,Rattus exulans,Hawaii
Pacific Shrew,Eulipotyphla,Soricidae,Sorex pacificus,"California, Oregon"
Pacific White-sided Dolphin,Artiodactyla,Delphinidae,Lagenorhynchus obliquidens,"Alaska, California, Oregon, Washington"
Pale Kangaroo Mouse,Rodentia,Heteromyidae,Microdipodops pallidus,"California, Nevada"
Palla's Mastiff Bat,Chiroptera,Molossidae,Molossus molossus,Florida
Pallid Bat,Chiroptera,Vespertilionidae,Antrozous pallidus,"Arizona, California, Colorado, Idaho, Kansas, New Mexico, Nevada, Oklahoma, Oregon, Texas, Utah, Washington, Wyoming"
Palmer's Chipmunk,Rodentia_other,Sciuridae,Tamias palmeri,Nevada
Panamint Chipmunk,Rodentia_other,Sciuridae,Tamias panamintinus,"California, Nevada"
Panamint Kangaroo Rat,Rodentia,Heteromyidae,Dipodomys panamintinus,"California, Nevada"
Pantropical Spotted Dolphin,Artiodactyla,Delphinidae,Stenella attenuata,"Connecticut, Delaware, Florida, Georgia, Hawaii, Louisiana, Maryland, Mississippi, New Jersey, New York, North Carolina, Rhode Island, South Carolina, Texas, Virginia"
Peter's Ghost-faced Bat,Chiroptera,Mormoopidae,Mormoops megalophylla,"Arizona, New Mexico"
Piute Ground Squirrel,Rodentia_other,Sciuridae,Urocitellus mollis,"California, Idaho, Nevada, Oregon, Utah, Washington"
Pion Deermouse,Rodentia,Cricetidae,Peromyscus truei,"Arizona, California, Colorado, Idaho, Kansas, Nebraska, New Mexico, Nevada, Oklahoma, Oregon, Texas, Utah, Washington, Wyoming"
Plains Harvest Mouse,Rodentia,Cricetidae,Reithrodontomys montanus,"Arkansas, Arizona, Colorado, Kansas, Missouri, Montana, North Dakota, Nebraska, New Mexico, Oklahoma, South Dakota, Texas, Wyoming"
Plains Pocket Gopher,Rodentia,Geomyidae,Geomys bursarius,"Arkansas, Colorado, Iowa, Illinois, Indiana, Kansas, Minnesota, Missouri, North Dakota, Nebraska, New Mexico, Oklahoma, South Dakota, Wyoming"
Plains Pocket Mouse,Rodentia,Heteromyidae,Perognathus flavescens,"Arizona, Colorado, Iowa, Kansas, Minnesota, Missouri, North Dakota, Nebraska, New Mexico, Oklahoma, South Dakota, Texas, Utah, Wyoming"
Pocketed Free-tailed Bat,Chiroptera,Molossidae,Nyctinomops femorosaccus,"Arizona, California, New Mexico, Nevada, Texas"
Polar Bear,Carnivora,Ursidae,Ursus maritimus,Alaska
Prairie Vole,Rodentia,Cricetidae,Microtus ochrogaster,"Alabama, Arkansas, Colorado, Iowa, Illinois, Indiana, Kansas, Kentucky, Louisiana, Michigan, Minnesota, Missouri, Montana, North Dakota, Nebraska, New Mexico, Ohio, Oklahoma, South Dakota, Tennessee, Texas, Virginia, Wisconsin, West Virginia, Wyoming"
Preble's Shrew,Eulipotyphla,Soricidae,Sorex preblei,"California, Idaho, Montana, Nevada, Oregon, Utah, Washington, Wyoming"
Pribilof Island Shrew,Eulipotyphla,Soricidae,Sorex pribilofensis,Alaska
Pristine Moustached Bat,Chiroptera,Mormoopidae,Pteronotus pristinus,Florida
Pronghorn Antelope,Artiodactyla,Antilocapridae,Antilocapra americana,"Arizona, California, Colorado, Idaho, Kansas, Minnesota, Montana, North Dakota, Nebraska, New Mexico, Nevada, Oklahoma, Oregon, South Dakota, Texas, Utah, Washington, Wyoming"
Pygmy Killer Whale,Artiodactyla,Delphinidae,Feresa attenuata,"Alabama, Florida, Georgia, Hawaii, Louisiana, Mississippi, North Carolina, South Carolina, Texas"
Pygmy Rabbit,Lagomorpha,Leporidae,Brachylagus idahoensis,"California, Idaho, Montana, Nevada, Oregon, Utah, Washington, Wyoming"
Pygmy Shrew,Eulipotyphla,Soricidae,Sorex hoyi,"Alaska, Colorado, Georgia, Iowa, Idaho, Illinois, Indiana, Kentucky, Maryland, Maine, Michigan, Minnesota, Montana, North Carolina, North Dakota, New Hampshire, New York, Ohio, South Carolina, South Dakota, Tennessee, Virginia, Vermont, Washington, Wisconsin, West Virginia, Wyoming"
Pygmy Sperm Whale,Artiodactyla,Kogiidae,Kogia breviceps,"Alabama, California, Florida, Georgia, Hawaii, Louisiana, Maryland, Mississippi, New York, North Carolina, Texas, Virginia"
Raccoon,Carnivora,Procyonidae,Procyon lotor,"Alabama, Arkansas, Arizona, California, Colorado, Connecticut, Delaware, Florida, Georgia, Iowa, Idaho, Illinois, Indiana, Kansas, Kentucky, Louisiana, Massachusetts, Maryland, Maine, Michigan, Minnesota, Mississippi, Missouri, Montana, North Carolina, North Dakota, Nebraska, New Hampshire, New Jersey, New Mexico, Nevada, New York, Ohio, Oklahoma, Oregon, Pennsylvania, Rhode Island, South Carolina, South Dakota, Tennessee, Texas, Utah, Virginia, Vermont, Washington, Wisconsin, West Virginia, Wyoming"
Rafinesque's Big-eared Bat,Chiroptera,Vespertilionidae,Corynorhinus rafinesquii,"Alabama, Arkansas, Florida, Georgia, Illinois, Indiana, Kentucky, Louisiana, Mississippi, Missouri, North Carolina, Ohio, Oklahoma, South Carolina, Tennessee, Texas, Virginia, West Virginia"
Red Fox,Carnivora,Canidae,Vulpes vulpes,"Alaska, Alabama, Arkansas, Arizona, California, Colorado, Connecticut, Delaware, Florida, Georgia, Iowa, Idaho, Illinois, Indiana, Kansas, Kentucky, Louisiana, Massachusetts, Maryland, Maine, Michigan, Minnesota, Mississippi, Missouri, Montana, North Carolina, North Dakota, Nebraska, New Hampshire, New Jersey, New Mexico, Nevada, New York, Ohio, Oklahoma, Oregon, Pennsylvania, Rhode Island, South Carolina, South Dakota, Tennessee, Texas, Utah, Virginia, Vermont, Washington, Wisconsin, West Virginia, Wyoming"
Red Tree Vole,Rodentia,Cricetidae,Arborimus longicaudus,"California, Oregon"
Red Wolf,Carnivora,Canidae,Canis rufus,"Florida, Mississippi, North Carolina"
Red-tailed Chipmunk,Rodentia_other,Sciuridae,Tamias ruficaudus,"Idaho, Montana, Washington"
Ribbon Seal,Carnivora,Phocidae,Histrophoca fasciata,Alaska
Richardson's Ground Squirrel,Rodentia_other,Sciuridae,Urocitellus richardsonii,"Minnesota, Montana, North Dakota, South Dakota, Washington"
Ringed Seal,Carnivora,Phocidae,Phoca hispida,Alaska
Ringed Seal,Carnivora,Phocidae,Pusa hispida,Alaska
"Ringtail, Bassarisk, or Cacomistle",Carnivora,Procyonidae,Bassariscus astutus,"Arkansas, Arizona, California, Colorado, Idaho, Kansas, Louisiana, New Mexico, Nevada, Oklahoma, Oregon, Texas, Utah, Wyoming"
Risso's Dolphin,Artiodactyla,Delphinidae,Grampus griseus,"Alabama, Alaska, California, Connecticut, Delaware, Florida, Georgia, Hawaii, Louisiana, Maine, Maryland, Massachusetts, Mississippi, New Hampshire, New Jersey, New York, North Carolina, Oregon, Rhode Island, South Carolina, Texas, Virginia, Washington"
Robust Cottontail,Lagomorpha,Leporidae,Sylvilagus robustus,"New Mexico, Texas"
Rock Pocket Mouse,Rodentia,Heteromyidae,Chaetodipus intermedius,"Arizona, California, New Mexico, Texas, Utah"
Rock Squirrel,Rodentia_other,Sciuridae,Otospermophilus variegatus,"Arizona, California, Colorado, Kansas, New Mexico, Nevada, Oklahoma, Texas, Utah"
Rock Vole,Rodentia,Cricetidae,Microtus chrotorrhinus,"Kentucky, Massachusetts, Maryland, Maine, Minnesota, North Carolina, New Hampshire, New Jersey, New York, Pennsylvania, Tennessee, Virginia, Vermont, West Virginia"
Roof Rat,Rodentia,Muridae,Rattus rattus,"Alabama, Arkansas, Georgia, Hawaii, Massachusetts, Mississippi, North Carolina, New Hampshire, New Mexico, Nevada, New York, Oklahoma, Oregon, Texas, Virginia, Washington, West Virginia"
Root Vole,Rodentia,Cricetidae,Microtus oeconomus,Alaska
Rough-toothed Dolphin,Artiodactyla,Delphinidae,Steno bredanensis,"Alabama, California, Florida, Georgia, Hawaii, Louisiana, Mississippi, North Carolina, South Carolina, Texas"
Round-tailed Ground Squirrel,Rodentia_other,Sciuridae,Xerospermophilus tereticaudus,"Arizona, California, Nevada"
Round-tailed Muskrat,Rodentia,Cricetidae,Neofiber alleni,"Florida, Georgia"
Sagebrush Vole,Rodentia,Cricetidae,Lemmiscus curtatus,"California, Colorado, Idaho, Montana, North Dakota, Nevada, Oregon, South Dakota, Utah, Washington, Wyoming"
Salt-marsh Harvest Mouse,Rodentia,Cricetidae,Reithrodontomys raviventris,California
San Diego Pocket Mouse,Rodentia,Heteromyidae,Chaetodipus fallax,California
San Joaquin Pocket Mouse,Rodentia,Heteromyidae,Perognathus inornatus,California
San Joaquin Valley Kangaroo Rat,Rodentia,Heteromyidae,Dipodomys nitratoides,California
Saxicoline Deermouse,Rodentia,Cricetidae,Peromyscus gratus,New Mexico
Sea Otter,Carnivora,Mustelidae,Enhydra lutris,"Alaska, California, Washington"
Sei Whale,Artiodactyla,Balaenopteridae,Balaenoptera borealis,"Alabama, Alaska, California, Connecticut, Delaware, Florida, Georgia, Louisiana, Maine, Maryland, Massachusetts, Mississippi, New Hampshire, New Jersey, New York, North Carolina, Oregon, Rhode Island, South Carolina, Texas, Virginia, Washington"
Seminole Bat,Chiroptera,Vespertilionidae,Lasiurus seminolus,"Alabama, Arkansas, Florida, Georgia, Louisiana, Mississippi, North Carolina, New Jersey, New York, Oklahoma, Pennsylvania, South Carolina, Tennessee, Texas, Virginia"
Short-beaked Common Dolphin,Artiodactyla,Delphinidae,Delphinus delphis,"California, Connecticut, Florida, Georgia, Maine, Maryland, Massachusetts, New Hampshire, New Jersey, New York, North Carolina, Oregon, Rhode Island, South Carolina, Texas, Virginia, Washington"
Short-finned Pilot Whale,Artiodactyla,Delphinidae,Globicephala macrorhynchus,"Alabama, Alaska, California, Florida, Georgia, Hawaii, Louisiana, Maryland, Mississippi, New Jersey, North Carolina, Oregon, South Carolina, Texas, Virginia, Washington"
Shrew Mole,Eulipotyphla,Talpidae,Neurotrichus gibbsii,"California, Oregon, Washington"
Silky Pocket Mouse,Rodentia,Heteromyidae,Perognathus flavus,"Arizona, Colorado, Kansas, Nebraska, New Mexico, Oklahoma, South Dakota, Texas, Utah, Wyoming"
Silver-haired Bat,Chiroptera,Vespertilionidae,Lasionycteris noctivagans,"Alaska, Alabama, Arkansas, Arizona, California, Colorado, Connecticut, Delaware, Georgia, Iowa, Idaho, Illinois, Indiana, Kansas, Kentucky, Louisiana, Massachusetts, Maryland, Maine, Michigan, Minnesota, Mississippi, Missouri, Montana, North Carolina, North Dakota, Nebraska, New Hampshire, New Jersey, New Mexico, Nevada, New York, Ohio, Oklahoma, Oregon, Pennsylvania, Rhode Island, South Carolina, South Dakota, Tennessee, Texas, Utah, Virginia, Vermont, Washington, Wisconsin, West Virginia, Wyoming"
Singing Vole,Rodentia,Cricetidae,Microtus miurus,Alaska
Siskiyou Chipmunk,Rodentia_other,Sciuridae,Tamias siskiyou,"California, Oregon"
Rodent spp. ,Other,Other,Other other,"Alaska, Alabama, Arkansas, Arizona, California, Colorado, Connecticut, Delaware, Florida, Georgia, Iowa, Idaho, Illinois, Indiana, Kansas, Kentucky, Louisiana, Massachusetts, Maryland, Maine, Michigan, Minnesota, Mississippi, Missouri, Montana, North Carolina, North Dakota, Nebraska, New Hampshire, New Jersey, New Mexico, Nevada, New York, Ohio, Oklahoma, Oregon, Pennsylvania, Rhode Island, South Carolina, South Dakota, Tennessee, Texas, Utah, Virginia, Vermont, Washington, Wisconsin, West Virginia, Wyoming"
Smoky Shrew,Eulipotyphla,Soricidae,Sorex fumeus,
Snowshoe Hare,Lagomorpha,Leporidae,Lepus americanus,"Alaska, California, Colorado, Connecticut, Idaho, Massachusetts, Maryland, Maine, Michigan, Minnesota, Montana, North Carolina, North Dakota, Nebraska, New Hampshire, New Jersey, New Mexico, Nevada, New York, Oregon, Pennsylvania, Rhode Island, South Dakota, Tennessee, Utah, Virginia, Vermont, Washington, Wisconsin, West Virginia, Wyoming"
Sonoma Chipmunk,Rodentia_other,Sciuridae,Tamias sonomae,California
Sonoma Tree Vole,Rodentia,Cricetidae,Arborimus pomo,California
Southeastern Myotis,Chiroptera,Vespertilionidae,Myotis austroriparius,"Alabama, Arkansas, Florida, Georgia, Illinois, Indiana, Kentucky, Louisiana, Mississippi, Missouri, North Carolina, Oklahoma, South Carolina, Tennessee, Texas"
Southeastern Pocket Gopher,Rodentia,Geomyidae,Geomys pinetis,"Alaska, Alabama, Florida, Georgia"
Southeastern Shrew,Eulipotyphla,Soricidae,Sorex longirostris,"Alabama, Arkansas, Florida, Georgia, Iowa, Illinois, Indiana, Kentucky, Louisiana, Maryland, Mississippi, Missouri, North Carolina, Ohio, Oklahoma, South Carolina, Tennessee, Virginia, West Virginia"
Southern Bog Lemming,Rodentia,Cricetidae,Synaptomys cooperi,"Arkansas, Connecticut, Delaware, Georgia, Iowa, Illinois, Indiana, Kansas, Kentucky, Massachusetts, Maryland, Maine, Michigan, Minnesota, Missouri, North Carolina, Nebraska, New Hampshire, New Jersey, New York, Ohio, Pennsylvania, Rhode Island, South Dakota, Tennessee, Virginia, Vermont, Wisconsin, West Virginia"
Southern Flying Squirrel,Rodentia_other,Sciuridae,Glaucomys volans,"Alabama, Arkansas, Connecticut, Delaware, Florida, Georgia, Illinois, Indiana, Iowa, Kansas, Kentucky, Louisiana, Maine, Maryland, Massachusetts, Michigan, Minnesota, Mississippi, Missouri, Nebraska, New Hampshire, New Jersey, New York, North Carolina, Ohio, Oklahoma, Pennsylvania, Rhode Island, South Carolina, Tennessee, Texas, Vermont, Virginia, West Virginia, Wisconsin"
Southern Grasshopper Mouse,Rodentia,Cricetidae,Onychomys torridus,"Arizona, California, New Mexico, Nevada, Utah"
Southern Plains Woodrat,Rodentia,Cricetidae,Neotoma micropus,"Colorado, Kansas, New Mexico, Oklahoma, Texas"
Southern Pocket Gopher,Rodentia,Geomyidae,Thomomys umbrinus,"Arizona, New Mexico"
Southern Red-backed Vole,Rodentia,Cricetidae,Myodes gapperi,"Alaska, Arizona, Colorado, Connecticut, Delaware, Georgia, Iowa, Idaho, Kentucky, Massachusetts, Maryland, Maine, Michigan, Minnesota, Montana, North Carolina, North Dakota, New Hampshire, New Jersey, New Mexico, New York, Ohio, Oregon, Pennsylvania, Rhode Island, South Carolina, South Dakota, Tennessee, Utah, Virginia, Vermont, Washington, Wisconsin, West Virginia, Wyoming"
Southern Yellow Bat,Chiroptera,Vespertilionidae,Lasiurus ega,"Arizona, California, New Mexico, Texas"
Southern short-tailed shrew,Eulipotyphla,Soricidae,Blarina carolinensis,"Alabama, Arkansas, Florida, Georgia, Illinois, Indiana, Kentucky, Louisiana, Mississippi, Missouri, North Carolina, South Carolina, Tennessee, Texas, Virginia"
Southwestern Myotis,Chiroptera,Vespertilionidae,Myotis auriculus,"Arizona, New Mexico"
Sowerby's Beaked Whale,Artiodactyla,Ziphiidae,Mesoplodon bidens,"Maine, Massachusetts, New Hampshire"
Sperm Whale,Artiodactyla,Physeteridae,Physeter catodon,"Alabama, Alaska, California, Connecticut, Delaware, Florida, Georgia, Hawaii, Louisiana, Maine, Maryland, Massachusetts, Mississippi, New Hampshire, New Jersey, New York, North Carolina, Oregon, Rhode Island, Texas, Virginia, Washington"
Spinner Dolphin,Artiodactyla,Delphinidae,Stenella longirostris,"Alabama, Delaware, Florida, Georgia, Hawaii, Louisiana, Maryland, Mississippi, New Jersey, New York, North Carolina, South Carolina, Texas, Virginia"
Spiny Pocket Mouse,Rodentia,Heteromyidae,Chaetodipus spinatus,"California, Nevada"
Spotted Bat,Chiroptera,Vespertilionidae,Euderma maculatum,"Arizona, California, Colorado, Idaho, Montana, New Mexico, Nevada, Oregon, Texas, Utah, Washington, Wyoming"
Spotted Ground Squirrel,Rodentia_other,Sciuridae,Xerospermophilus spilosoma,"Arizona, Colorado, Kansas, Nebraska, New Mexico, Oklahoma, South Dakota, Texas, Utah, Wyoming"
Spotted Seal,Carnivora,Phocidae,Phoca largha,Alaska
St. Lawrence Island Shrew,Eulipotyphla,Soricidae,Sorex jacksoni,Alaska
Star-nosed Mole,Eulipotyphla,Talpidae,Condylura cristata,"Connecticut, Delaware, Florida, Georgia, Illinois, Indiana, Kentucky, Massachusetts, Maryland, Maine, Michigan, Minnesota, North Carolina, North Dakota, New Hampshire, New Jersey, New York, Ohio, Pennsylvania, Rhode Island, South Carolina, South Dakota, Tennessee, Virginia, Vermont, Wisconsin, West Virginia"
Stejneger's Beaked Whale,Artiodactyla,Ziphiidae,Mesoplodon stejnegeri,"Alaska, California, Oregon, Washington"
Steller Sea Lion,Carnivora,Otariidae,Eumetopias jubatus,"Alaska, California, Oregon, Washington"
Stephen's Kangaroo Rat,Rodentia,Heteromyidae,Dipodomys stephensi,California
Stephen's Woodrat,Rodentia,Cricetidae,Neotoma stephensi,"Arizona, Colorado, New Mexico, Utah"
Striped Dolphin,Artiodactyla,Delphinidae,Stenella coeruleoalba,"Alabama, California, Connecticut, Delaware, Florida, Georgia, Hawaii, Louisiana, Maine, Maryland, Massachusetts, Mississippi, New Hampshire, New Jersey, New York, North Carolina, Oregon, Rhode Island, South Carolina, Texas, Virginia, Washington"
Striped Skunk,Carnivora,Mephitidae,Mephitis mephitis,"Alabama, Arkansas, Arizona, California, Colorado, Connecticut, Delaware, Florida, Georgia, Iowa, Idaho, Illinois, Indiana, Kansas, Kentucky, Louisiana, Massachusetts, Maryland, Maine, Michigan, Minnesota, Mississippi, Missouri, Montana, North Carolina, North Dakota, Nebraska, New Hampshire, New Jersey, New Mexico, Nevada, New York, Ohio, Oklahoma, Oregon, Pennsylvania, Rhode Island, South Carolina, South Dakota, Tennessee, Texas, Utah, Virginia, Vermont, Washington, Wisconsin, West Virginia, Wyoming"
Swamp Rabbit,Lagomorpha,Leporidae,Sylvilagus aquaticus,"Alabama, Arkansas, Florida, Georgia, Illinois, Indiana, Kansas, Kentucky, Louisiana, Mississippi, Missouri, Oklahoma, South Carolina, Tennessee, Texas"
Swift Fox,Carnivora,Canidae,Vulpes velox,"Colorado, Kansas, Montana, Nebraska, New Mexico, Oklahoma, South Dakota, Texas, Wyoming"
Taiga Vole,Rodentia,Cricetidae,Microtus xanthognathus,Alaska
Tawny-bellied Cotton Rat,Rodentia,Cricetidae,Sigmodon fulviventer,"Arizona, New Mexico, Texas"
Texas Antelope Squirrel,Rodentia_other,Sciuridae,Ammospermophilus interpres,"New Mexico, Texas"
Texas Deermouse,Rodentia,Cricetidae,Peromyscus attwateri,"Arkansas, Kansas, Missouri, Oklahoma, Texas"
Texas Kangaroo Rat,Rodentia,Heteromyidae,Dipodomys elator,"Oklahoma, Texas"
Texas Pocket Gopher,Rodentia,Geomyidae,Geomys personatus,Texas
Thirteen-lined Ground Squirrel,Rodentia_other,Sciuridae,Ictidomys tridecemlineatus,"Arkansas, Arizona, Colorado, Iowa, Illinois, Indiana, Kansas, Michigan, Minnesota, Missouri, Montana, North Dakota, Nebraska, New Mexico, Ohio, Oklahoma, South Dakota, Texas, Utah, Wisconsin, Wyoming"
Townsend's Big-eared bat,Chiroptera,Vespertilionidae,Corynorhinus townsendii,"Arkansas, Arizona, California, Colorado, Idaho, Kansas, Kentucky, Maryland, Missouri, Montana, North Carolina, North Dakota, Nebraska, New Mexico, Nevada, Ohio, Oklahoma, Oregon, South Dakota, Tennessee, Texas, Utah, Virginia, Washington, West Virginia, Wyoming"
Townsend's Chipmunk,Rodentia_other,Sciuridae,Tamias townsendii,"Oregon, Washington"
Townsend's Mole,Eulipotyphla,Talpidae,Scapanus townsendii,"California, Oregon, Washington"
Townsend's Pocket Gopher,Rodentia,Geomyidae,Thomomys townsendii,"California, Idaho, Nevada, Oregon"
Townsend's Vole,Rodentia,Cricetidae,Microtus townsendii,"California, Oregon, Washington"
Trowbridge's Shrew,Eulipotyphla,Soricidae,Sorex trowbridgii,"California, Nevada, Oregon, Washington"
True's Beaked Whale,Artiodactyla,Ziphiidae,Mesoplodon mirus,"Connecticut, Delaware, Florida, Georgia, Maine, Maryland, Massachusetts, New Hampshire, New Jersey, New York, North Carolina, Rhode Island, South Carolina, Virginia"
Tundra Shrew,Eulipotyphla,Soricidae,Sorex tundrensis,Alaska
Uinta Chipmunk,Rodentia_other,Sciuridae,Tamias umbrinus,"Arizona, California, Colorado, Idaho, Montana, Nevada, Utah, Wyoming"
Uinta Ground Squirrel,Rodentia_other,Sciuridae,Urocitellus armatus,"Idaho, Montana, Utah, Wyoming"
Unalaska Collared Lemming,Rodentia,Cricetidae,Dicrostonyx unalascensis,Alaska
Underwood's Bonneted Bat,Chiroptera,Molossidae,Eumops underwoodi,Arizona
Utah Prairie Dog,Rodentia_other,Sciuridae,Cynomys parvidens,Utah
Vagrant Shrew,Eulipotyphla,Soricidae,Sorex vagrans,"California, Idaho, Montana, Nevada, Oregon, Utah, Washington, Wyoming"
Virginia Opossum,Didelphimorphia,Didelphidae,Didelphis virginiana,"Alabama, Arkansas, Arizona, California, Colorado, Connecticut, Delaware, Florida, Georgia, Iowa, Idaho, Illinois, Indiana, Kansas, Kentucky, Louisiana, Massachusetts, Maryland, Maine, Michigan, Mississippi, Missouri, North Carolina, Nebraska, New Hampshire, New Jersey, New Mexico, New York, Ohio, Oklahoma, Oregon, Pennsylvania, Rhode Island, South Carolina, Tennessee, Texas, Virginia, Vermont, Washington, Wisconsin, West Virginia"
Wagner's Bonneted Bat,Chiroptera,Molossidae,Eumops glaucinus,Florida
Walrus,Carnivora,Odobenidae,Odobenus rosmarus,Alaska
Washington Ground Squirrel,Rodentia_other,Sciuridae,Urocitellus washingtoni,"Oregon, Washington"
Water Shrew,Eulipotyphla,Soricidae,Sorex palustris,"Alaska, Arizona, California, Colorado, Connecticut, Idaho, Massachusetts, Maryland, Maine, Michigan, Minnesota, Montana, North Carolina, North Dakota, New Hampshire, New Jersey, New Mexico, Nevada, New York, Oregon, Pennsylvania, Rhode Island, South Dakota, Tennessee, Utah, Virginia, Vermont, Washington, Wisconsin, West Virginia, Wyoming"
West Indian Manatee,Sirenia,Trichechidae,Trichechus manatus,"Florida, Georgia, South Carolina"
Western Grey Squirrel,Rodentia_other,Sciuridae,Sciurus griseus,"California, Nevada, Oregon, Washington"
Western Harvest Mouse,Rodentia,Cricetidae,Reithrodontomys megalotis,"Arkansas, Arizona, California, Colorado, Iowa, Idaho, Illinois, Indiana, Kansas, Minnesota, Missouri, Montana, North Dakota, Nebraska, New Mexico, Nevada, Oklahoma, Oregon, South Dakota, Texas, Utah, Washington, Wisconsin, Wyoming"
Western Heather Vole,Rodentia,Cricetidae,Phenacomys intermedius,"Arizona, California, Colorado, Idaho, Montana, New Mexico, Nevada, Oregon, Utah, Washington"
Western Jumping Mouse,Rodentia,Dipodidae,Zapus princeps,"Alaska, California, Colorado, Idaho, Montana, North Dakota, New Mexico, Nevada, Oregon, South Dakota, Utah, Washington, Wyoming"
Western Pocket Gopher,Rodentia,Geomyidae,Thomomys mazama,"California, Oregon, Washington"
Western Red Bat,Chiroptera,Vespertilionidae,Lasiurus blossevillii,"Arizona, California, New Mexico, Nevada, Oregon, Utah, Washington"
Western Red-backed Vole,Rodentia,Cricetidae,Myodes californicus,"California, Oregon"
Western Small-footed Bat,Chiroptera,Vespertilionidae,Myotis ciliolabrum,"Arizona, California, Colorado, Idaho, Kansas, Montana, North Dakota, Nebraska, New Mexico, Nevada, Oklahoma, Oregon, South Dakota, Texas, Utah, Washington, Wyoming"
Western Spotted Skunk,Carnivora,Mephitidae,Spilogale gracilis,"Arizona, California, Colorado, Idaho, Montana, Nebraska, New Mexico, Nevada, Oklahoma, Oregon, South Dakota, Texas, Utah, Washington, Wyoming"
Western Yellow Bat,Chiroptera,Vespertilionidae,Lasiurus xanthinus,"Arizona, California, New Mexico"
White-ankled Deermouse,Rodentia,Cricetidae,Peromyscus pectoralis,"New Mexico, Oklahoma, Texas"
White-beaked Dolphin,Artiodactyla,Delphinidae,Lagenorhynchus albirostris,"Maine, Massachusetts, New Hampshire"
White-eared Pocket Mouse,Rodentia,Heteromyidae,Perognathus alticolus,California
White-footed Deermouse,Rodentia,Cricetidae,Peromyscus leucopus,"Alabama, Arkansas, Arizona, Colorado, Connecticut, Delaware, Georgia, Iowa, Illinois, Indiana, Kansas, Kentucky, Louisiana, Massachusetts, Maryland, Maine, Michigan, Minnesota, Mississippi, Missouri, Montana, North Carolina, North Dakota, Nebraska, New Hampshire, New Jersey, New Mexico, New York, Ohio, Oklahoma, Pennsylvania, Rhode Island, South Carolina, South Dakota, Tennessee, Texas, Virginia, Vermont, Wisconsin, West Virginia, Wyoming"
White-footed Vole,Rodentia,Cricetidae,Arborimus albipes,"California, Oregon"
White-nosed Coati,Carnivora,Procyonidae,Nasua narica,"Arizona, New Mexico, Texas"
White-sided Jackrabbit,Lagomorpha,Leporidae,Lepus callotis,"Arizona, New Mexico"
White-tailed Antelope Squirrel,Rodentia_other,Sciuridae,Ammospermophilus leucurus,"Arizona, California, Colorado, Idaho, New Mexico, Nevada, Oregon, Utah"
White-tailed Deer,Artiodactyla,Cervidae,Odocoileus virginianus,"Alaska, Alabama, Arkansas, Arizona, California, Colorado, Connecticut, Delaware, Florida, Georgia, Iowa, Idaho, Illinois, Indiana, Kansas, Kentucky, Louisiana, Massachusetts, Maryland, Maine, Michigan, Minnesota, Mississippi, Missouri, Montana, North Carolina, North Dakota, Nebraska, New Hampshire, New Jersey, New Mexico, Nevada, New York, Ohio, Oklahoma, Oregon, Pennsylvania, Rhode Island, South Carolina, South Dakota, Tennessee, Texas, Utah, Virginia, Vermont, Washington, Wisconsin, West Virginia, Wyoming"
White-tailed Jackrabbit,Lagomorpha,Leporidae,Lepus townsendii,"California, Colorado, Iowa, Idaho, Illinois, Kansas, Minnesota, Missouri, Montana, North Dakota, Nebraska, New Mexico, Nevada, Oregon, South Dakota, Utah, Washington, Wisconsin, Wyoming"
White-tailed Prairie Dog,Rodentia_other,Sciuridae,Cynomys leucurus,"Colorado, Montana, Utah, Wyoming"
White-throated Woodrat,Rodentia,Cricetidae,Neotoma albigula,
Wolverine,Carnivora,Mustelidae,Gulo gulo,"Alaska, California, Idaho, Montana, Nevada, Oregon, Utah, Washington"
Woodchuck,Rodentia_other,Sciuridae,Marmota monax,"Alaska, Alabama, Arkansas, Connecticut, Delaware, Georgia, Iowa, Idaho, Illinois, Indiana, Kansas, Kentucky, Massachusetts, Maryland, Maine, Michigan, Minnesota, Mississippi, Missouri, Montana, North Carolina, North Dakota, Nebraska, New Hampshire, New Jersey, New York, Ohio, Oklahoma, Pennsylvania, Rhode Island, South Carolina, South Dakota, Tennessee, Texas, Virginia, Vermont, Washington, Wisconsin, West Virginia"
Woodland Jumping Mouse,Rodentia,Dipodidae,Napaeozapus insignis,"Connecticut, Georgia, Kentucky, Massachusetts, Maryland, Maine, Michigan, Minnesota, North Carolina, New Hampshire, New Jersey, New York, Ohio, Pennsylvania, Rhode Island, South Carolina, Tennessee, Virginia, Vermont, Wisconsin, West Virginia"
Woodland Vole,Rodentia,Cricetidae,Microtus pinetorum,"Alabama, Arkansas, Connecticut, Delaware, Florida, Georgia, Iowa, Illinois, Indiana, Kansas, Kentucky, Louisiana, Massachusetts, Maryland, Maine, Michigan, Minnesota, Mississippi, Missouri, North Carolina, Nebraska, New Hampshire, New Jersey, New York, Ohio, Oklahoma, Pennsylvania, Rhode Island, South Carolina, Tennessee, Texas, Virginia, Vermont, Wisconsin, West Virginia"
Wyoming Ground Squirrel,Rodentia_other,Sciuridae,Urocitellus elegans,"Colorado, Idaho, Montana, Nevada, Oregon, Utah, Wyoming"
Wyoming Pocket Gopher,Rodentia,Geomyidae,Thomomys clusius,Wyoming
Yellow-bellied Marmot,Rodentia_other,Sciuridae,Marmota flaviventris,"Arizona, California, Colorado, Idaho, Montana, North Dakota, Nebraska, New Mexico, Nevada, Oregon, South Dakota, Utah, Washington, Wyoming"
Yellow-cheeked Chipmunk,Rodentia_other,Sciuridae,Tamias ochrogenys,California
Yellow-faced Pocket Gopher,Rodentia,Geomyidae,Cratogeomys castanops,"Colorado, Kansas, New Mexico, Oklahoma, Texas"
Yellow-nosed Cotton Rat,Rodentia,Cricetidae,Sigmodon ochrognathus,"Arizona, New Mexico, Texas"
Yellow-pine Chipmunk,Rodentia_other,Sciuridae,Tamias amoenus,"California, Idaho, Montana, Nevada, Oregon, Utah, Washington, Wyoming"
Yuma Myotis,Chiroptera,Vespertilionidae,Myotis yumanensis,"Arizona, California, Colorado, Idaho, Montana, New Mexico, Nevada, Oklahoma, Oregon, Texas, Utah, Washington, Wyoming"
prairie Shrew,Eulipotyphla,Soricidae,Sorex haydeni,"Colorado, Iowa, Illinois, Kansas, Minnesota, Missouri, Montana, North Dakota, Nebraska, South Dakota, Wyoming"
